tbl,suggestion,rule
agent.agent_releases,UNKNOWN,NO-TENANT-ID:needs-review
agent.agent_runs,TENANT_SCOPED,TENANT-ID-NOTNULL:unenrolled-candidate
agent.agent_tasks,TENANT_SCOPED,TENANT-ID-NOTNULL:unenrolled-candidate
agent.copilot_review_consumptions,TENANT_SCOPED,TENANT-ID-NOTNULL:unenrolled-candidate
agent.human_review_actions,TENANT_SCOPED,TENANT-ID-NOTNULL:unenrolled-candidate
agent.human_review_requests,TENANT_SCOPED,TENANT-ID-NOTNULL:unenrolled-candidate
analytics.metric_definitions,TENANT_SCOPED,TENANT-ID-NOTNULL:unenrolled-candidate
analytics.metric_snapshots,TENANT_SCOPED,TENANT-ID-NOTNULL:unenrolled-candidate
billing.charge_attempts,TENANT_SCOPED,TENANT-ID-NOTNULL:unenrolled-candidate
billing.charge_provider_bindings,TENANT_SCOPED,TENANT-ID-NOTNULL:unenrolled-candidate
billing.charges,TENANT_SCOPED,TENANT-ID-NOTNULL:unenrolled-candidate
billing.exceptions,TENANT_SCOPED,TENANT-ID-NOTNULL:unenrolled-candidate
billing.payments,TENANT_SCOPED,TENANT-ID-NOTNULL:unenrolled-candidate
billing.refund_requests,TENANT_SCOPED,TENANT-ID-NOTNULL:unenrolled-candidate
billing.refunds,TENANT_SCOPED,TENANT-ID-NOTNULL:unenrolled-candidate
billing.tenant_channels,PRE_CONTEXT,RESOLVER:pre-context-read-via-security-definer
catalog.addons,TENANT_SCOPED,TENANT-ID-NOTNULL:unenrolled-candidate
catalog.coupon_redemptions,TENANT_SCOPED,TENANT-ID-NOTNULL:unenrolled-candidate
catalog.coupons,TENANT_SCOPED,TENANT-ID-NOTNULL:unenrolled-candidate
catalog.offer_items,TENANT_SCOPED,TENANT-ID-NOTNULL:unenrolled-candidate
catalog.offers,TENANT_SCOPED,TENANT-ID-NOTNULL:unenrolled-candidate
catalog.plans,TENANT_SCOPED,TENANT-ID-NOTNULL:unenrolled-candidate
catalog.prices,TENANT_SCOPED,TENANT-ID-NOTNULL:unenrolled-candidate
catalog.products,TENANT_SCOPED,TENANT-ID-NOTNULL:unenrolled-candidate
commerce.order_items,TENANT_SCOPED,TENANT-ID-NOTNULL:unenrolled-candidate
commerce.orders,TENANT_SCOPED,TENANT-ID-NOTNULL:unenrolled-candidate
commerce.price_snapshots,TENANT_SCOPED,TENANT-ID-NOTNULL:unenrolled-candidate
communication.communication_preferences,TENANT_SCOPED,ENROLLED:tenant_isolation
communication.communication_suppressions,TENANT_SCOPED,ENROLLED:tenant_isolation
communication.conversation_control_events,TENANT_SCOPED,ENROLLED:tenant_isolation
communication.conversations,TENANT_SCOPED,ENROLLED:tenant_isolation
communication.exceptions,TENANT_SCOPED,ENROLLED:tenant_isolation
communication.message_deliveries,TENANT_SCOPED,ENROLLED:tenant_isolation
communication.message_intents,TENANT_SCOPED,ENROLLED:tenant_isolation
communication.messages,TENANT_SCOPED,ENROLLED:tenant_isolation
communication.scheduled_contacts,TENANT_SCOPED,ENROLLED:tenant_isolation
communication.tenant_channels,PRE_CONTEXT,RESOLVER:pre-context-read-via-security-definer
control.auth_credentials,GLOBAL,AUTH-SURFACE:pre-context-no-tenant-data
control.auth_sessions,GLOBAL,AUTH-SURFACE:pre-context-no-tenant-data
control.feature_flags,GLOBAL,GLOBAL-CATALOG:global-rows-or-bookkeeping
control.membership_roles,PRE_CONTEXT,RESOLVER:pre-context-read-via-security-definer
control.permissions,GLOBAL,RBAC-CATALOG:owner-seeded
control.role_permissions,GLOBAL,RBAC-CATALOG:owner-seeded
control.roles,GLOBAL,RBAC-CATALOG:owner-seeded
control.tenant_memberships,PRE_CONTEXT,RESOLVER:pre-context-read-via-security-definer
control.tenants,GLOBAL,AUTH-SURFACE:pre-context-no-tenant-data
control.users,GLOBAL,AUTH-SURFACE:pre-context-no-tenant-data
crm.customer_health_snapshots,TENANT_SCOPED,ENROLLED:tenant_isolation
crm.customers,TENANT_SCOPED,ENROLLED:tenant_isolation
crm.leads,TENANT_SCOPED,ENROLLED:tenant_isolation
entitlement.entitlement_grants,TENANT_SCOPED,TENANT-ID-NOTNULL:unenrolled-candidate
entitlement.entitlements,TENANT_SCOPED,TENANT-ID-NOTNULL:unenrolled-candidate
experiments.experiment_assignments,TENANT_SCOPED,TENANT-ID-NOTNULL:unenrolled-candidate
experiments.experiment_exposures,TENANT_SCOPED,TENANT-ID-NOTNULL:unenrolled-candidate
experiments.experiments,TENANT_SCOPED,TENANT-ID-NOTNULL:unenrolled-candidate
finance.cost_allocations,TENANT_SCOPED,TENANT-ID-NOTNULL:unenrolled-candidate
finance.financial_accounts,TENANT_SCOPED,TENANT-ID-NOTNULL:unenrolled-candidate
finance.financial_ledger_entries,TENANT_SCOPED,TENANT-ID-NOTNULL:unenrolled-candidate
finance.financial_transactions,TENANT_SCOPED,TENANT-ID-NOTNULL:unenrolled-candidate
growth.attribution_touches,TENANT_SCOPED,TENANT-ID-NOTNULL:unenrolled-candidate
growth.audience_definitions,TENANT_SCOPED,TENANT-ID-NOTNULL:unenrolled-candidate
growth.audience_members,TENANT_SCOPED,TENANT-ID-NOTNULL:unenrolled-candidate
growth.campaign_versions,TENANT_SCOPED,TENANT-ID-NOTNULL:unenrolled-candidate
growth.campaigns,TENANT_SCOPED,TENANT-ID-NOTNULL:unenrolled-candidate
growth.conversion_events,TENANT_SCOPED,TENANT-ID-NOTNULL:unenrolled-candidate
growth.creatives,TENANT_SCOPED,TENANT-ID-NOTNULL:unenrolled-candidate
identity.identities,TENANT_SCOPED,ENROLLED:tenant_isolation
identity.identity_merge_reviews,TENANT_SCOPED,ENROLLED:tenant_isolation
identity.persons,TENANT_SCOPED,ENROLLED:tenant_isolation
inventory.app_trials,TENANT_SCOPED,TENANT-ID-NOTNULL:unenrolled-candidate
inventory.credit_reservations,TENANT_SCOPED,TENANT-ID-NOTNULL:unenrolled-candidate
inventory.license_assets,TENANT_SCOPED,TENANT-ID-NOTNULL:unenrolled-candidate
inventory.procurement_orders,TENANT_SCOPED,TENANT-ID-NOTNULL:unenrolled-candidate
inventory.provider_credit_batches,TENANT_SCOPED,TENANT-ID-NOTNULL:unenrolled-candidate
inventory.provider_credit_entries,TENANT_SCOPED,TENANT-ID-NOTNULL:unenrolled-candidate
inventory.reconciliation_findings,TENANT_SCOPED,TENANT-ID-NOTNULL:unenrolled-candidate
inventory.supplier_app_items,TENANT_SCOPED,TENANT-ID-NOTNULL:unenrolled-candidate
inventory.supplier_app_snapshots,TENANT_SCOPED,TENANT-ID-NOTNULL:unenrolled-candidate
inventory.supplier_balance_snapshots,TENANT_SCOPED,TENANT-ID-NOTNULL:unenrolled-candidate
inventory.supplier_offers,TENANT_SCOPED,TENANT-ID-NOTNULL:unenrolled-candidate
inventory.suppliers,TENANT_SCOPED,TENANT-ID-NOTNULL:unenrolled-candidate
knowledge.knowledge_corrections,TENANT_SCOPED,TENANT-ID-NOTNULL:unenrolled-candidate
knowledge.knowledge_gaps,TENANT_SCOPED,TENANT-ID-NOTNULL:unenrolled-candidate
knowledge.knowledge_items,TENANT_SCOPED,TENANT-ID-NOTNULL:unenrolled-candidate
knowledge.knowledge_research_candidates,TENANT_SCOPED,TENANT-ID-NOTNULL:unenrolled-candidate
knowledge.knowledge_source_links,TENANT_SCOPED,TENANT-ID-NOTNULL:unenrolled-candidate
knowledge.knowledge_sources,TENANT_SCOPED,TENANT-ID-NOTNULL:unenrolled-candidate
knowledge.knowledge_versions,TENANT_SCOPED,TENANT-ID-NOTNULL:unenrolled-candidate
knowledge.solution_outcomes,TENANT_SCOPED,TENANT-ID-NOTNULL:unenrolled-candidate
knowledge.solutions,TENANT_SCOPED,TENANT-ID-NOTNULL:unenrolled-candidate
loyalty.gift_passes,TENANT_SCOPED,TENANT-ID-NOTNULL:unenrolled-candidate
loyalty.reward_definitions,TENANT_SCOPED,TENANT-ID-NOTNULL:unenrolled-candidate
loyalty.reward_ledger_entries,TENANT_SCOPED,TENANT-ID-NOTNULL:unenrolled-candidate
loyalty.rewards,TENANT_SCOPED,TENANT-ID-NOTNULL:unenrolled-candidate
partners.learning_content,UNKNOWN,NO-TENANT-ID:needs-review
partners.learning_content_versions,UNKNOWN,NO-TENANT-ID:needs-review
partners.learning_progress,TENANT_SCOPED,TENANT-ID-NOTNULL:unenrolled-candidate
partners.partner_accounts,TENANT_SCOPED,TENANT-ID-NOTNULL:unenrolled-candidate
partners.partner_capabilities,TENANT_SCOPED,TENANT-ID-NOTNULL:unenrolled-candidate
partners.partner_memberships,TENANT_SCOPED,TENANT-ID-NOTNULL:unenrolled-candidate
partners.partner_relationships,TENANT_SCOPED,TENANT-ID-NOTNULL:unenrolled-candidate
partners.reseller_credit_entries,TENANT_SCOPED,TENANT-ID-NOTNULL:unenrolled-candidate
partners.reseller_credit_reservations,TENANT_SCOPED,TENANT-ID-NOTNULL:unenrolled-candidate
partners.reseller_orders,TENANT_SCOPED,TENANT-ID-NOTNULL:unenrolled-candidate
partners.reseller_price_books,TENANT_SCOPED,TENANT-ID-NOTNULL:unenrolled-candidate
platform.audit_log,AUDIT_ONLY,AUDIT-APPEND:append-only-trail
platform.capabilities,GLOBAL,GLOBAL-CATALOG:global-rows-or-bookkeeping
platform.capability_events,GLOBAL,GLOBAL-CATALOG:global-rows-or-bookkeeping
platform.domain_events,AUDIT_ONLY,AUDIT-APPEND:append-only-trail
platform.idempotency_keys,TENANT_SCOPED,TENANT-ID-NOTNULL:unenrolled-candidate
platform.inbox_messages,TENANT_SCOPED,TENANT-ID-NOTNULL:unenrolled-candidate
platform.outbox_messages,CROSS_TENANT_SYSTEM,WORKER-SYSTEM:050-051-outbox-publisher-spine
platform.outbox_runtime_control,CROSS_TENANT_SYSTEM,WORKER-SYSTEM:050-051-outbox-publisher-spine
platform.outbox_runtime_transitions,CROSS_TENANT_SYSTEM,WORKER-SYSTEM:050-051-outbox-publisher-spine
platform.outbox_transitions,CROSS_TENANT_SYSTEM,WORKER-SYSTEM:050-051-outbox-publisher-spine
platform.policy_documents,GLOBAL,GLOBAL-CATALOG:global-rows-or-bookkeeping
provider.provider_accounts,TENANT_SCOPED,TENANT-ID-NOTNULL:unenrolled-candidate
provider.provider_bindings,TENANT_SCOPED,TENANT-ID-NOTNULL:unenrolled-candidate
provider.provider_evidence,TENANT_SCOPED,TENANT-ID-NOTNULL:unenrolled-candidate
provider.provider_health_snapshots,TENANT_SCOPED,TENANT-ID-NOTNULL:unenrolled-candidate
provider.provider_operation_attempts,TENANT_SCOPED,TENANT-ID-NOTNULL:unenrolled-candidate
provider.provider_operations,TENANT_SCOPED,TENANT-ID-NOTNULL:unenrolled-candidate
provider.providers,UNKNOWN,NO-TENANT-ID:needs-review
referral.referral_programs,TENANT_SCOPED,TENANT-ID-NOTNULL:unenrolled-candidate
referral.referral_qualifications,TENANT_SCOPED,TENANT-ID-NOTNULL:unenrolled-candidate
referral.referral_reward_links,TENANT_SCOPED,TENANT-ID-NOTNULL:unenrolled-candidate
referral.referrals,TENANT_SCOPED,TENANT-ID-NOTNULL:unenrolled-candidate
renewal.recovery_tasks,TENANT_SCOPED,TENANT-ID-NOTNULL:unenrolled-candidate
security.risk_assessments,TENANT_SCOPED,TENANT-ID-NOTNULL:unenrolled-candidate
subscription.subscription_addon_cycle_charges,TENANT_SCOPED,TENANT-ID-NOTNULL:unenrolled-candidate
subscription.subscription_addons,TENANT_SCOPED,TENANT-ID-NOTNULL:unenrolled-candidate
subscription.subscription_cycles,TENANT_SCOPED,TENANT-ID-NOTNULL:unenrolled-candidate
subscription.subscriptions,TENANT_SCOPED,TENANT-ID-NOTNULL:unenrolled-candidate
subscription.trust_renewal_grants,TENANT_SCOPED,TENANT-ID-NOTNULL:unenrolled-candidate
support.incidents,TENANT_SCOPED,TENANT-ID-NOTNULL:unenrolled-candidate
support.problems,TENANT_SCOPED,TENANT-ID-NOTNULL:unenrolled-candidate
support.solution_attempts,TENANT_SCOPED,TENANT-ID-NOTNULL:unenrolled-candidate
support.support_tickets,TENANT_SCOPED,TENANT-ID-NOTNULL:unenrolled-candidate
support.technical_access_grants,TENANT_SCOPED,TENANT-ID-NOTNULL:unenrolled-candidate
support.ticket_incident_links,TENANT_SCOPED,TENANT-ID-NOTNULL:unenrolled-candidate
support.ticket_problem_links,TENANT_SCOPED,TENANT-ID-NOTNULL:unenrolled-candidate
trial.app_profiles,UNKNOWN,NULLABLE-TENANT-ID:needs-review
trial.compatibility_observations,TENANT_SCOPED,TENANT-ID-NOTNULL:unenrolled-candidate
trial.device_profiles,TENANT_SCOPED,TENANT-ID-NOTNULL:unenrolled-candidate
trial.network_observations,TENANT_SCOPED,TENANT-ID-NOTNULL:unenrolled-candidate
trial.trial_attempts,TENANT_SCOPED,TENANT-ID-NOTNULL:unenrolled-candidate
trial.trial_eligibility_decisions,TENANT_SCOPED,TENANT-ID-NOTNULL:unenrolled-candidate
trial.trial_technical_results,TENANT_SCOPED,TENANT-ID-NOTNULL:unenrolled-candidate
trial.trials,TENANT_SCOPED,TENANT-ID-NOTNULL:unenrolled-candidate
